id,value
1,J6AGkyUqjI
2,w8FjtZxcuo
3,u7WgSq2hiT
4,WKZoC24AcK
5,driNQpM8A3
6,BWdENBbG3a
7,sekJkpvgxJ
8,KrgUbI2g4t
9,CL9mRW2N6A
10,LKHxMrFyl9
11,aAr0kSITmg
12,NJZoG7rmNk
13,FdzaxTakXK
14,ctPAN1e4l9
15,eKDOJa4Tfw
16,hWaCmG67RP
17,7GMVJgvvui
18,qxOFmqwToA
19,rVKKCqkWrN
20,CdLQZ3HNbn
21,1HVKjJhRE8
22,pLAVBrkp6a
23,s2nMTX4EGQ
24,8KEOlRhfSv
25,hgOgUKda0b
26,PIsFzrl7cE
27,68MbcqesIC
28,ch0T8qclgl
29,UpA1YBStjA
30,Zp5Mh3EsmK
31,Nql7blNTGo
32,BUB4mq32Fg
33,6YLHiD0S7o
34,MeqAeNXI6n
35,PpTDnpxhpd
36,75WYw7347v
37,3RAoURrbhu
38,FbbI88xRFJ
39,aSPFibZz46
40,KWdPxLYXHJ
41,TQxWNMjj7D
42,NlCzdKVFrL
43,p1hOTyxLxo
44,xJOMKWPsY0
45,JlUzNWaq3G
46,pxnrF3v5VH
47,uDi2y5kirt
48,ge1nKdEZRu
49,CQWkrgoc2j
50,KgZBUZmXfJ
51,BAINCb30wY
52,igMLr36u2e
53,SBd89zY5iB
54,6IDWfnbZ69
55,14gHFv6HXA
56,2AjI1SuEzk
57,ypAtVWNEs0
58,vYweHv9wtF
59,9B9x4FDc8f
60,5EYScjwqp0
61,Zl63dMFOAc
62,4mAxd9HmvQ
63,6A3FNSneg3
64,nnVEzaHMuI
65,JyPvgfI0P2
66,C9ybiuC8h5
67,ZuHu1lcCXW
68,PTjwMlJRDJ
69,P9XU7cUgXs
70,Bw6rQzu7m0
71,caw8gE5NdA
72,Gh7S1XwTTb
73,sFfRRpmq6g
74,JY69OzJ4b3
75,7IBMToKJf5
76,fCynLsq2se
77,xZgX9p83YR
78,NyFtwtUoKE
79,fLLswgLYAG
80,v18GZae0du
81,Y8ObGFpEpl
82,vHf8XUK86P
83,HRgOU5uMee
84,FlvvtosbYk
85,hgnTgFVqII
86,3KvvnXnwNe
87,314e4GiFLO
88,PLiYKGYdYM
89,MPYVMtb0gA
90,VHe7w0lKgI
91,zM8tOaZq3n
92,DJkOWaUH3Y
93,q6v3F9SoEO
94,lUy389lVnq
95,H3xXdfODzN
96,DblcR1GCbN
97,zhGzu9grPG
98,PiuWR6YhwE
99,Q3czkIYXRW
100,MVbylF1YfI
